Titulo,Subtitulo,Context,SKU,Vigencia
Pantallas,Led 55” LG 4K UHD," ¡ C U P Ó N  D E  R E G A L O D E  $ 1 , 0 0 0 * ! 134 $ x 128 semanas con 10% de enganche Hasta 28% de descuento en abono semanal es la mejor opción para pagar menos ¡Cómpralo ya! Da clic aquí $9,499 Contado $11,499",Sku:1012235.,Vigencia: 3 al 9 de septiembre de 2024.
Pantallas,Led 65” LG 4K UHD,"¡ C U P Ó N  D E  R E G A L O D E  $ 1 , 0 0 0 * ! 160 $ x 154 semanas con 10% de enganche Hasta 27% de descuento en abono semanal es la mejor opción para pagar menos ¡Cómpralo ya! Da clic aquí $12,499 Contado $14,999",Sku: 1012208.,Vigencia: 3 al 9 de septiembre de 2024.
Pantallas,Led 55” Samsung UHD,"¡ C U P Ó N  D E  R E G A L O D E  $ 1 , 0 0 0 * ! 141 $ x 128 semanas con 10% de enganche Hasta 24% de descuento en abono semanal es la mejor opción para pagar menos ¡Cómpralo ya! Da clic aquí $9,999 Contado $11,499",Sku: 1012152.,Vigencia: 3 al 9 de septiembre de 2024.
Pantallas,Led 65” Samsung UHD,"170 $ x 154 semanas con 10% de enganche Hasta ¡ C U P Ó N  D E  R E G A L O D E  $ 1 , 0 0 0 * ! 21% de descuento en abono semanal es la mejor opción para pagar menos ¡Cómpralo ya! Da clic aquí $13,499 Contado $14,999",Sku: 1012171.,Vigencia: 3 al 9 de septiembre de 2024.
Pantallas,Led 75” Samsung UHD,"195 $ x 154 semanas con 10% de enganche Hasta ¡ C U P Ó N  D E  R E G A L O D E  $ 1 , 0 0 0 * ! 36% de descuento en abono semanal es la mejor opción para pagar menos ¡Cómpralo ya! Da clic aquí $15,499 Contado $20,999",Sku: 1012163.,Vigencia: 3 al 9 de septiembre de 2024.
Pantallas,Led 75” TCL 4K UHD,"165 $ x 154 semanas con 10% de enganche Hasta ¡ C U P Ó N  D E  R E G A L O D E  $ 1 , 0 0 0 * ! 38% de descuento en abono semanal es la mejor opción para pagar menos ¡Cómpralo ya! Da clic aquí $12,999 Contado $17,999",Sku: 1011083.,Vigencia: 3 al 9 de septiembre de 2024.
Pantallas,Accidentes Golpes,"¡ C U P Ó N  D E  R E G A L O  D E  $ 1 , 0 0 0 ! Préstamo Elektra te da más. En la compra de PANTALLAS de la mejor tecnología a partir $6,999 llévate cupón de regalo de $1,000 para redimir en un segundo artículo de HOGAR. No aplica para productos discontinuos ni productos que participan en otras promociones.",Sku:1012235.,*Consulta códigos participantes. Vigencia: 3 al 9 de septiembre de 2024.
Pantallas,Led 55” LG 4K UHD,"Hasta 25% de descuento en pantallas de la marca Hisense y elige tu plazo, desde 4 hasta 154 semanas con tu ¡Cómpralo ya! Da clic aquí es la mejor opción para pagar menos Sku de referencia: 1010916. Consulta elektra.mx para más modelos.",Sku: 1012208.,Vigencia: 3 al 9 de septiembre de 2024.
Pantallas,Led 65” LG 4K UHD,"¡ R E G U L A D O R E S  D E S D E  $ 3 4 9 ! Reguladores de energía Koblenz y Forza desde $349. Sku´s participantes: 4002680, 4002902, 177603, 4002681, 177623, 4002884. Consulta disponibilidad en tienda.",Sku: 1012152.,Vigencia: 3 al 9 de septiembre de 2024.
Pantallas,Led 55” Samsung UHD,"Que no se rompa tu entretenimiento. ¡Protégelo! Disfrútalo, para eso es. Asistencia en Daño Accidental Primera reparación gratis. Reparaciones ilimitadas. Pregunta también a tu asesor por Asistencia por Robo con Violencia Encuentra términos y condiciones en: https://www.elektra.mx/garantia-extendida-elektra ¡ C U P Ó N  D E  R E G A L O D E  $ 1 , 0 0 0 * ! 134 $ x 128 semanas con 10% de enganche Hasta 28% de descuento en abono semanal es la mejor opción para pagar menos ¡Cómpralo ya! Da clic aquí $9,499 Contado $11,499",Sku: 1012171.,Vigencia: 3 al 9 de septiembre de 2024.
Pantallas,Led 65” Samsung UHD,"¡ C U P Ó N  D E  R E G A L O D E  $ 1 , 0 0 0 * ! 160 $ x 154 semanas con 10% de enganche Hasta 27% de descuento en abono semanal es la mejor opción para pagar menos ¡Cómpralo ya! Da clic aquí $12,499 Contado $14,999",Sku: 1012163.,Vigencia: 3 al 9 de septiembre de 2024.
Pantallas,Led 75” Samsung UHD,"¡ C U P Ó N  D E  R E G A L O D E  $ 1 , 0 0 0 * ! 141 $ x 128 semanas con 10% de enganche Hasta 24% de descuento en abono semanal es la mejor opción para pagar menos ¡Cómpralo ya! Da clic aquí $9,999 Contado $11,499",Sku: 1011083.,Vigencia: 3 al 9 de septiembre de 2024.
Pantallas,Led 75” TCL 4K UHD,"170 $ x 154 semanas con 10% de enganche Hasta ¡ C U P Ó N  D E  R E G A L O D E  $ 1 , 0 0 0 * ! 21% de descuento en abono semanal es la mejor opción para pagar menos ¡Cómpralo ya! Da clic aquí $13,499 Contado $14,999",,Vigencia: 3 al 9 de septiembre de 2024.
Pantallas,Accidentes Golpes,"195 $ x 154 semanas con 10% de enganche Hasta ¡ C U P Ó N  D E  R E G A L O D E  $ 1 , 0 0 0 * ! 36% de descuento en abono semanal es la mejor opción para pagar menos ¡Cómpralo ya! Da clic aquí $15,499 Contado $20,999",,Vigencia: 3 al 9 de septiembre de 2024.
Pantallas,,"165 $ x 154 semanas con 10% de enganche Hasta ¡ C U P Ó N  D E  R E G A L O D E  $ 1 , 0 0 0 * ! 38% de descuento en abono semanal es la mejor opción para pagar menos ¡Cómpralo ya! Da clic aquí $12,999 Contado $17,999",,Vigencia: 3 al 9 de septiembre de 2024.
Pantallas,,"¡ C U P Ó N  D E  R E G A L O  D E  $ 1 , 0 0 0 ! Préstamo Elektra te da más. En la compra de PANTALLAS de la mejor tecnología a partir $6,999 llévate cupón de regalo de $1,000 para redimir en un segundo artículo de HOGAR. No aplica para productos discontinuos ni productos que participan en otras promociones.",,*Consulta códigos participantes. Vigencia: 3 al 9 de septiembre de 2024.
Pantallas,,"Hasta 25% de descuento en pantallas de la marca Hisense y elige tu plazo, desde 4 hasta 154 semanas con tu ¡Cómpralo ya! Da clic aquí es la mejor opción para pagar menos Sku de referencia: 1010916. Consulta elektra.mx para más modelos.",,Vigencia: 3 al 9 de septiembre de 2024.
Pantallas,,"¡ R E G U L A D O R E S  D E S D E  $ 3 4 9 ! Reguladores de energía Koblenz y Forza desde $349. Sku´s participantes: 4002680, 4002902, 177603, 4002681, 177623, 4002884. Consulta disponibilidad en tienda.",,Vigencia: 3 al 9 de septiembre de 2024.
Pantallas,,"Que no se rompa tu entretenimiento. ¡Protégelo! Disfrútalo, para eso es. Asistencia en Daño Accidental Primera reparación gratis. Reparaciones ilimitadas. Pregunta también a tu asesor por Asistencia por Robo con Violencia Encuentra términos y condiciones en: https://www.elektra.mx/garantia-extendida-elektra",,
